ID,InChI ff
2591,"1S/C21H23BF2N2S2/c1-3-14-27-19-12-10-17-21(16-8-6-5-7-9-16)18-11-13-20(28-15-4-2)26(18)22(23,24)25(17)19/h5-13H,3-4,14-15H2,1-2H3"
2760,"1S/C21H19BF2N4/c1-12-10-14(3)27-19(12)18(17-8-7-16-6-5-9-25-21(16)26-17)20-13(2)11-15(4)28(20)22(27,23)24/h5-11H,1-4H3"
4154,"1S/C16H10BF5N2O2/c1-7-3-9-13(25-7)5-11-15(16(18,19)20)12-6-14-10(4-8(2)26-14)24(12)17(21,22)23(9)11/h3-6H,1-2H3"
2590,"1S/C17H15BF2N2O2/c1-23-15-10-8-13-17(12-6-4-3-5-7-12)14-9-11-16(24-2)22(14)18(19,20)21(13)15/h3-11H,1-2H3"
2824,"1S/C21H22BF2N3O/c1-15-3-9-19-21(20-10-4-16(2)27(20)22(23,24)26(15)19)17-5-7-18(8-6-17)25-11-13-28-14-12-25/h3-10H,11-14H2,1-2H3"
4124,"1S/C24H20BF2N3/c1-14-12-15(2)29-21(14)13-22-18-9-4-5-10-19(18)24(30(22)25(29,26)27)23-16(3)17-8-6-7-11-20(17)28-23/h4-13,28H,1-3H3"
918,"1S/C32H36B2F4N4/c1-9-21-19(7)39-29(23(21)11-3)14-27-17(5)25-13-26-18(6)28-15-30-24(12-4)22(10-2)20(8)40(30)34(37,38)42(28)32(26)16-31(25)41(27)33(39,35)36/h13-16H,9-12H2,1-8H3"
4545,"1S/C36H33BF2N2O2/c1-20-10-8-9-11-23(20)32-28-18-26-24-16-21(35(2,3)4)12-14-30(24)42-33(26)40(28)37(38,39)41-29(32)19-27-25-17-22(36(5,6)7)13-15-31(25)43-34(27)41/h8-19H,1-7H3"
777,"1S/C46H33BF2N2/c1-28-24-29(2)45(30(3)25-28)46-43-22-20-41(35-16-18-39-33(26-35)14-12-31-8-4-6-10-37(31)39)50(43)47(48,49)51-42(21-23-44(46)51)36-17-19-40-34(27-36)15-13-32-9-5-7-11-38(32)40/h4-27H,1-3H3"
2601,"1S/C23H25BF2N4OS/c1-6-19-14(2)22-15(3)20-11-21(32-13-27)23(30(20)24(25,26)29(22)16(19)4)28-12-17-7-9-18(31-5)10-8-17/h7-11,28H,6,12H2,1-5H3"
890,"1S/C34H26BF2N3O2/c1-41-27-17-13-23(14-18-27)29-21-31(25-9-5-3-6-10-25)39-33(29)38-34-30(24-15-19-28(42-2)20-16-24)22-32(40(34)35(39,36)37)26-11-7-4-8-12-26/h3-22H,1-2H3"
4148,"1S/C34H36BF2N3O3/c1-23-20-25(3)39-33(23)32(27-11-14-28(15-12-27)38-18-6-5-7-19-38)34-24(2)21-29(40(34)35(39,36)37)13-8-26-9-16-30(17-10-26)43-22-31(41)42-4/h8-17,20-21H,5-7,18-19,22H2,1-4H3/b13-8+"
1846,"1S/C18H14BF2NO/c1-13-6-8-15(9-7-13)18-12-17-16-5-3-2-4-14(16)10-11-22(17)19(20,21)23-18/h2-12H,1H3"
847,"1S/C27H19BF2N2O4/c1-33-20-7-3-16(4-8-20)24-14-22-26(35-24)12-18-11-19-13-27-23(32(19)28(29,30)31(18)22)15-25(36-27)17-5-9-21(34-2)10-6-17/h3-15H,1-2H3"
2821,"1S/C18H14BF2N3/c1-12-3-9-16-18(15-7-5-14(11-22)6-8-15)17-10-4-13(2)24(17)19(20,21)23(12)16/h3-10H,1-2H3"
2822,"1S/C19H20BF2N3/c1-13-5-11-17-19(15-7-9-16(10-8-15)23(3)4)18-12-6-14(2)25(18)20(21,22)24(13)17/h5-12H,1-4H3"
1525,"1S/C32H25BF2N2/c1-24-12-16-27(17-13-24)32-30-22-20-28(18-14-25-8-4-2-5-9-25)36(30)33(34,35)37-29(21-23-31(32)37)19-15-26-10-6-3-7-11-26/h2-23H,1H3/b18-14+,19-15+"
845,"1S/C15H11BF2N2O2/c1-8-3-12-14(21-8)6-10-5-11-7-15-13(4-9(2)22-15)20(11)16(17,18)19(10)12/h3-7H,1-2H3"
2588,"1S/C16H13BF2N2O/c1-22-15-10-9-14-16(12-6-3-2-4-7-12)13-8-5-11-20(13)17(18,19)21(14)15/h2-11H,1H3"
2823,"1S/C22H24BF2N3/c1-16-6-12-20-22(21-13-7-17(2)28(21)23(24,25)27(16)20)18-8-10-19(11-9-18)26-14-4-3-5-15-26/h6-13H,3-5,14-15H2,1-2H3"
1528,"1S/C23H19BF2N2O/c1-16-8-10-18(11-9-16)23-20-13-12-19(17-6-4-3-5-7-17)27(20)24(25,26)28-21(23)14-15-22(28)29-2/h3-15H,1-2H3"
2598,"1S/C29H23BCl2F2N4/c31-22-12-7-13-23(32)28(22)29-24-14-16-26(35-18-20-8-3-1-4-9-20)37(24)30(33,34)38-25(29)15-17-27(38)36-19-21-10-5-2-6-11-21/h1-17,35-36H,18-19H2"
1391,"1S/C31H24BFN2O2/c1-16-7-8-21-22(12-16)24-15-26-30(28-18(3)10-17(2)11-19(28)4)25-6-5-9-34(25)32(33)35(26)31(24)29-23(21)13-20(36)14-27(29)37-32/h5-15,36H,1-4H3"
4133,"1S/C22H26BF2N3/c1-7-26(6)19-10-8-18(9-11-19)20-21-14(2)12-16(4)27(21)23(24,25)28-17(5)13-15(3)22(20)28/h8-13H,7H2,1-6H3"
888,1S/C32H22BF2N3/c34-33(35)37-29(25-17-9-3-10-18-25)21-27(23-13-5-1-6-14-23)31(37)36-32-28(24-15-7-2-8-16-24)22-30(38(32)33)26-19-11-4-12-20-26/h1-22H
1147,"1S/C18H14BF2NO2/c1-23-16-10-7-14(8-11-16)18-12-15-9-6-13-4-2-3-5-17(13)22(15)19(20,21)24-18/h2-12H,1H3"
1380,"1S/C23H19BF2N2O/c1-27(2)17-13-11-16(12-14-17)23-15-22-20-9-4-3-7-18(20)19-8-5-6-10-21(19)28(22)24(25,26)29-23/h3-15H,1-2H3"
4132,"1S/C34H37BF2N4/c1-8-26-22(4)33(38-23(26)5)34-29-13-11-10-12-28(29)32-20-31-21(3)27(9-2)30(40(31)35(36,37)41(32)34)19-16-24-14-17-25(18-15-24)39(6)7/h10-20,38H,8-9H2,1-7H3/b19-16+"
848,"1S/C28H18BF5N2O4/c1-37-17-7-3-15(4-8-17)23-11-19-25(39-23)13-21-27(28(30,31)32)22-14-26-20(36(22)29(33,34)35(19)21)12-24(40-26)16-5-9-18(38-2)10-6-16/h3-14H,1-2H3"
3019,"1S/C42H30BF2N3O2/c1-49-35-19-17-29-21-33(15-13-31(29)23-35)39-25-37(27-9-5-3-6-10-27)41-46-42-38(28-11-7-4-8-12-28)26-40(48(42)43(44,45)47(39)41)34-16-14-32-24-36(50-2)20-18-30(32)22-34/h3-26H,1-2H3"
4539,"1S/C28H17BF2N2O2/c1-16-8-2-3-9-17(16)26-22-14-20-18-10-4-6-12-24(18)34-27(20)32(22)29(30,31)33-23(26)15-21-19-11-5-7-13-25(19)35-28(21)33/h2-15H,1H3"
4370,"1S/C17H17BF2N2O/c1-21-9-4-5-13-11-14(7-8-16(13)21)17-12-15-6-2-3-10-22(15)18(19,20)23-17/h2-3,6-8,10-12H,4-5,9H2,1H3"
4149,"1S/C33H36BF2N3O3/c1-7-37(8-2)27-15-12-26(13-16-27)31-32-22(3)19-24(5)38(32)34(35,36)39-28(20-23(4)33(31)39)14-9-25-10-17-29(18-11-25)42-21-30(40)41-6/h9-20H,7-8,21H2,1-6H3/b14-9+"
1123,"1S/C12H10BF2N3/c1-2-7-16-12-10-5-3-8-17(10)13(14,15)18-9-4-6-11(12)18/h1,3-6,8-9,16H,7H2"
805,"1S/C25H23BF2N4O2/c1-15-11-17(3)31-23(15)22(18-5-7-19(8-6-18)25(33)34-4)24-16(2)12-21(32(24)26(31,27)28)10-9-20-13-29-14-30-20/h5-14H,1-4H3,(H,29,30)/b10-9+"
4140,"1S/C29H28BF2N5O/c1-20-18-22(3)36-28(20)27(24-8-5-4-6-9-24)29-21(2)19-25(37(29)30(36,31)32)13-10-23-11-14-26(15-12-23)38-17-7-16-34-35-33/h4-6,8-15,18-19H,7,16-17H2,1-3H3/b13-10+"
4130,"1S/C44H42BF2N3O6/c1-6-53-39(51)26-55-34-19-13-31(14-20-34)12-18-33-25-29(4)42-38(23-17-32-15-21-35(22-16-32)56-27-40(52)54-7-2)43-36-10-8-9-11-37(36)44(41-28(3)24-30(5)48-41)50(43)45(46,47)49(33)42/h8-25,48H,6-7,26-27H2,1-5H3/b18-12+,23-17+"
3090,"1S/C22H20BF2NO3/c1-26(2)19-9-6-16-12-18(5-4-17(16)13-19)22-14-21(28-23(24,25)29-22)15-7-10-20(27-3)11-8-15/h4-14H,1-3H3"
4120,"1S/C30H38BF2N3/c1-4-5-6-7-8-9-10-11-14-19-34-20-15-18-27(34)30-26-17-13-12-16-25(26)29-22-28-23(2)21-24(3)35(28)31(32,33)36(29)30/h12-13,15-18,20-22H,4-11,14,19H2,1-3H3"
998,"1S/C12H13BF2N2/c1-8-7-9(2)17-12(8)10(3)11-5-4-6-16(11)13(17,14)15/h4-7H,1-3H3"
919,"1S/C32H36B2F4N4/c1-9-21-18(6)39-31(24(21)12-4)16-32-27-14-29-25(13-26(27)20(8)41(32)33(39,35)36)17(5)28-15-30-23(11-3)22(10-2)19(7)40(30)34(37,38)42(28)29/h13-16H,9-12H2,1-8H3"
4109,"1S/C35H24BF2N3O2/c1-2-21-43-29-19-15-27(16-20-29)33-23-31(25-11-7-4-8-12-25)35-39-34-30(24-9-5-3-6-10-24)22-32(26-13-17-28(42)18-14-26)40(34)36(37,38)41(33)35/h1,3-20,22-23,42H,21H2"
2527,"1S/C14H17BF2N2/c1-5-12-9(2)14-10(3)13-7-6-8-18(13)15(16,17)19(14)11(12)4/h6-8H,5H2,1-4H3"
997,"1S/C11H11BF2N2/c1-8-5-6-11-9(2)10-4-3-7-15(10)12(13,14)16(8)11/h3-7H,1-2H3"
1848,1S/C17H12BF2NO/c19-18(20)21-11-10-13-6-4-5-9-15(13)16(21)12-17(22-18)14-7-2-1-3-8-14/h1-12H
2571,"1S/C30H33BF2N2O8/c1-6-40-27(36)25(28(37)41-7-2)22-16-14-20-24(19-12-10-18(5)11-13-19)21-15-17-23(35(21)31(32,33)34(20)22)26(29(38)42-8-3)30(39)43-9-4/h10-17,25-26H,6-9H2,1-5H3"
2827,"1S/C22H16BF2NO/c1-15-10-12-16(13-11-15)22-14-21-19-8-3-2-6-17(19)18-7-4-5-9-20(18)26(21)23(24,25)27-22/h2-14H,1H3"
4139,"1S/C33H34BF2N3O/c1-7-20-40-30-18-11-26(12-19-30)10-15-29-22-24(5)33-31(27-13-16-28(17-14-27)37(8-2)9-3)32-23(4)21-25(6)38(32)34(35,36)39(29)33/h1,10-19,21-22H,8-9,20H2,2-6H3/b15-10+"
4546,"1S/C36H21BF2N2O2/c1-20-8-2-5-11-23(20)32-30-18-28-26-16-14-21-9-3-6-12-24(21)33(26)42-35(28)40(30)37(38,39)41-31(32)19-29-27-17-15-22-10-4-7-13-25(22)34(27)43-36(29)41/h2-19H,1H3"
5034,"1S/C40H38BF2N3/c1-39(2,3)31-21-17-27(18-22-31)33-25-35(29-13-9-7-10-14-29)45-37(33)44-38-34(28-19-23-32(24-20-28)40(4,5)6)26-36(46(38)41(45,42)43)30-15-11-8-12-16-30/h7-26H,1-6H3"
1516,"1S/C35H35BF2N2/c1-34(2,3)21-19-26-15-17-30-33(32-28-13-9-7-11-24(28)23-25-12-8-10-14-29(25)32)31-18-16-27(20-22-35(4,5)6)40(31)36(37,38)39(26)30/h7-23H,1-6H3/b21-19+,22-20+"
2596,"1S/C22H22BF2N3S3/c1-3-12-29-20-11-10-17-21(16-8-6-5-7-9-16)18-14-19(31-15-26)22(30-13-4-2)28(18)23(24,25)27(17)20/h5-11,14H,3-4,12-13H2,1-2H3"
4119,"1S/C20H18BF2N3/c1-13-11-14(2)25-18(13)12-19-15-7-4-5-8-16(15)20(26(19)21(25,22)23)17-9-6-10-24(17)3/h4-12H,1-3H3"
4632,"1S/C16H18BF2N3/c1-6-7-20-14-15-10(2)8-12(4)21(15)17(18,19)22-13(5)9-11(3)16(14)22/h1,8-9,20H,7H2,2-5H3"
4927,"1S/C52H54BF2N3S2/c1-49(2,3)35-21-13-31(14-22-35)41-29-39-45(59-41)43(33-17-25-37(26-18-33)51(7,8)9)47-56-48-44(34-19-27-38(28-20-34)52(10,11)12)46-40(58(48)53(54,55)57(39)47)30-42(60-46)32-15-23-36(24-16-32)50(4,5)6/h13-30H,1-12H3"
1524,"1S/C24H18BClF2N2/c1-17-7-10-19(11-8-17)24-21-14-13-20(12-9-18-5-3-2-4-6-18)29(21)25(27,28)30-22(24)15-16-23(30)26/h2-16H,1H3/b12-9+"
1146,"1S/C19H17BF2N2O/c1-23(2)16-10-8-15(9-11-16)19-13-17-12-7-14-5-3-4-6-18(14)24(17)20(21,22)25-19/h3-13H,1-2H3"
775,"1S/C38H29BF2N2/c1-24-22-25(2)37(26(3)23-24)38-35-20-18-33(31-16-8-12-27-10-4-6-14-29(27)31)42(35)39(40,41)43-34(19-21-36(38)43)32-17-9-13-28-11-5-7-15-30(28)32/h4-23H,1-3H3"
843,"1S/C43H31BF2N2O2/c45-44(46)47-34(40(26-11-3-1-4-12-26)30-19-21-38-32(42(30)47)23-28-15-7-9-17-36(28)49-38)25-35-41(27-13-5-2-6-14-27)31-20-22-39-33(43(31)48(35)44)24-29-16-8-10-18-37(29)50-39/h1-18,23-25,38-39H,19-22H2/t38-,39+"
2526,"1S/C16H13BF2N2/c1-12-6-8-13(9-7-12)16-14-4-2-10-20(14)17(18,19)21-11-3-5-15(16)21/h2-11H,1H3"
1236,"1S/C25H25BCl2F2N2O2/c1-7-19-12(3)22-21(16-9-17(24(27)33)11-18(10-16)25(28)34)23-13(4)20(8-2)15(6)32(23)26(29,30)31(22)14(19)5/h9-11H,7-8H2,1-6H3"
2320,"1S/C35H35BF2N2O6/c1-5-39(6-2)27-13-9-22-17-25(34(41)43-31(22)20-27)12-16-30-29-15-11-24(33(29)46-36(37,38)45-30)19-26-18-23-10-14-28(40(7-3)8-4)21-32(23)44-35(26)42/h9-10,12-14,16-21H,5-8,11,15H2,1-4H3/b16-12+,24-19+"
2572,"1S/C18H17BF2N2O2/c1-12-4-6-13(7-5-12)18-14-8-10-16(24-2)22(14)19(20,21)23-15(18)9-11-17(23)25-3/h4-11H,1-3H3"
4123,"1S/C23H18BF2N3/c1-14-11-15(2)28-21(14)12-22-17-8-3-4-9-18(17)23(29(22)24(28,25)26)19-13-27-20-10-6-5-7-16(19)20/h3-13,27H,1-2H3"
900,"1S/C37H26BF2N3O/c1-44-27-18-20-29-26(22-27)16-19-30-32(24-11-4-2-5-12-24)36-41-37-33(25-13-6-3-7-14-25)34-28-15-9-8-10-23(28)17-21-31(34)42(37)38(39,40)43(36)35(29)30/h2-15,17-18,20-22H,16,19H2,1H3"
4129,"1S/C33H32BF2N3O3/c1-6-41-29(40)19-42-25-14-11-24(12-15-25)13-16-28-31-21(3)18-23(5)38(31)34(35,36)39-32(28)26-9-7-8-10-27(26)33(39)30-20(2)17-22(4)37-30/h7-18,37H,6,19H2,1-5H3/b16-13+"
4542,1S/C27H15BF2N2O2/c29-28(30)31-21(14-19-17-10-4-6-12-23(17)33-26(19)31)25(16-8-2-1-3-9-16)22-15-20-18-11-5-7-13-24(18)34-27(20)32(22)28/h1-15H
2597,"1S/C22H15BCl3F2N3/c24-15-7-4-8-16(25)21(15)22-17-9-11-19(26)30(17)23(27,28)31-18(22)10-12-20(31)29-13-14-5-2-1-3-6-14/h1-12,29H,13H2"
1529,"1S/C47H83N3O3S.B.2F.Na/c1-3-5-7-9-11-13-15-17-19-21-23-25-27-29-31-33-35-43-37-39-45(49-43)47(48-41-42-54(51,52)53)46-40-38-44(50-46)36-34-32-30-28-26-24-22-20-18-16-14-12-10-8-6-4-2;;;;/h37-40,48H,3-36,41-42H2,1-2H3;;;;"
1003,1S/C16H10BF2N3/c18-17(19)21-10-2-1-8-14(21)16-20-12-7-3-5-11-6-4-9-13(15(11)12)22(16)17/h1-10H
2788,"1S/C21H15BF2N2O/c23-22(24)25-14-4-7-19(25)21(16-5-2-1-3-6-16)20-13-12-18(26(20)22)15-8-10-17(27)11-9-15/h1-14,27H"
889,"1S/C34H26BF2N3O2/c1-41-27-17-13-25(14-18-27)31-21-29(23-9-5-3-6-10-23)33-38-34-30(24-11-7-4-8-12-24)22-32(40(34)35(36,37)39(31)33)26-15-19-28(42-2)20-16-26/h3-22H,1-2H3"
851,"1S/C28H18BF5N2O2S2/c1-37-17-7-3-15(4-8-17)23-11-19-25(39-23)13-21-27(28(30,31)32)22-14-26-20(36(22)29(33,34)35(19)21)12-24(40-26)16-5-9-18(38-2)10-6-16/h3-14H,1-2H3"
3351,"1S/C73H82BF2N3O3/c1-45(2)12-11-13-50(7)61-37-38-62-59-35-32-56-44-58(40-42-72(56,8)63(59)41-43-73(61,62)9)82-64(80)39-36-60-65(51-22-14-46(3)15-23-51)70-77-71-67(53-24-16-47(4)17-25-53)66(52-30-33-57(81-10)34-31-52)69(55-28-20-49(6)21-29-55)79(71)74(75,76)78(70)68(60)54-26-18-48(5)19-27-54/h14-34,36,39,45,50,58-59,61-63H,11-13,35,37-38,40-44H2,1-10H3/b39-36+/t50-,58+,59+,61-,62+,63+,72+,73-/m1/s1"
2525,1S/C10H7BF2N2O/c12-11(13)14-6-2-1-4-8(14)10(16)9-5-3-7-15(9)11/h1-7H
1845,"1S/C18H14BF2NO2/c1-23-15-8-6-14(7-9-15)18-12-17-16-5-3-2-4-13(16)10-11-22(17)19(20,21)24-18/h2-12H,1H3"
922,"1S/C26H19BF2N2O3/c28-27(29)31-20-7-2-1-4-16(20)8-10-22(31)24-25(32)18-9-11-21(30-12-14-33-15-13-30)17-5-3-6-19(23(17)18)26(24)34-27/h1-11H,12-15H2"
996,"1S/C11H11BF2N2/c1-8-6-9(2)16-11(8)7-10-4-3-5-15(10)12(16,13)14/h3-7H,1-2H3"
4548,"1S/C52H49BF2N2O5/c1-51-18-16-30-32(40(51)12-14-46(51)58)10-6-27-20-44-36(22-34(27)30)38-24-42-48(26-4-8-29(60-3)9-5-26)43-25-39-37-23-35-28(7-11-33-31(35)17-19-52(2)41(33)13-15-47(52)59)21-45(37)62-50(39)57(43)53(54,55)56(42)49(38)61-44/h4-5,8-9,20-25,30-33,40-41H,6-7,10-19H2,1-3H3/t30-,31-,32+,33+,40-,41-,51-,52-/m0/s1"
923,"1S/C26H19BF2N2O3/c28-27(29)31-20-7-2-1-4-16(20)8-10-22(31)24-25(32)18-6-3-5-17-21(30-12-14-33-15-13-30)11-9-19(23(17)18)26(24)34-27/h1-11H,12-15H2"
3337,"1S/C41H30BF2N5O/c1-24-5-9-26(10-6-24)39-31-15-13-28(46-31)33-17-19-35-41(30-4-3-23-45-30)36-20-18-34(49(36)42(43,44)48(33)35)29-14-16-32(47-29)40(38-22-21-37(39)50-38)27-11-7-25(2)8-12-27/h3-23,45-47H,1-2H3"
4145,"1S/C29H27BF2N2O3/c1-19-16-21(3)33-28(19)27(23-8-6-5-7-9-23)29-20(2)17-24(34(29)30(33,31)32)13-10-22-11-14-25(15-12-22)37-18-26(35)36-4/h5-17H,18H2,1-4H3/b13-10+"
4110,"1S/C17H12BF2N3/c19-18(20)22-10-4-5-12(22)11-16-13-6-1-2-7-14(13)17(23(16)18)15-8-3-9-21-15/h1-11,21H"
3349,"1S/C36H30BF2N3/c1-23-5-13-27(14-6-23)31-21-33(29-17-9-25(3)10-18-29)41-35(31)40-36-32(28-15-7-24(2)8-16-28)22-34(42(36)37(41,38)39)30-19-11-26(4)12-20-30/h5-22H,1-4H3"
2600,"1S/C22H26BF2N3O/c1-6-19-14(2)22-15(3)20-11-12-21(28(20)23(24,25)27(22)16(19)4)26-13-17-7-9-18(29-5)10-8-17/h7-12,26H,6,13H2,1-5H3"
3350,"1S/C41H36BF2N3O2/c1-6-49-37(48)24-23-34-38(32-19-11-28(4)12-20-32)41-45-40-35(30-15-7-26(2)8-16-30)25-36(31-17-9-27(3)10-18-31)46(40)42(43,44)47(41)39(34)33-21-13-29(5)14-22-33/h7-25H,6H2,1-5H3/b24-23+"
864,"1S/C41H41BF2N4/c1-20(2)28-18-45-38-34(28)24-13-9-11-15-26(24)36-32(22(5)6)30-17-31-33(23(7)8)37-27-16-12-10-14-25(27)35-29(21(3)4)19-46-39(35)41(37)48(31)42(43,44)47(30)40(36)38/h9-23,45-46H,1-8H3"
4077,"1S/C13H7BClF5N2O/c15-12-6-10-5-11(23-14(19,20)22(10)7-21-12)8-1-3-9(4-2-8)13(16,17)18/h1-7H"
4117,"1S/C26H30BF2N3/c1-8-19-14(3)23(30-17(19)6)26-22-13-11-10-12-21(22)25-16(5)24-15(4)20(9-2)18(7)31(24)27(28,29)32(25)26/h10-13,30H,8-9H2,1-7H3"
1526,"1S/C22H16BClF2N2/c1-15-7-9-17(10-8-15)22-19-12-11-18(16-5-3-2-4-6-16)27(19)23(25,26)28-20(22)13-14-21(28)24/h2-14H,1H3"
4113,"1S/C25H28BF2N3/c1-7-18-15(4)24(29-16(18)5)25-21-12-10-9-11-20(21)23-13-22-14(3)19(8-2)17(6)30(22)26(27,28)31(23)25/h9-13,29H,7-8H2,1-6H3"
2593,"1S/C19H16BF2N3S2/c1-2-12-26-17-10-8-15-19(14-6-4-3-5-7-14)16-9-11-18(27-13-23)25(16)20(21,22)24(15)17/h3-11H,2,12H2,1H3"
4114,"1S/C27H20BF2N3/c1-16-19-10-6-8-14-23(19)32-24(16)15-25-20-11-3-4-12-21(20)27(33(25)28(32,29)30)26-17(2)18-9-5-7-13-22(18)31-26/h3-15,31H,1-2H3"
4547,"1S/C46H47BF2N4O11/c1-45(2,3)63-43(56)50-32(41(54)59-8)20-24-10-16-36-28(18-24)30-22-34-38(26-12-14-27(58-7)15-13-26)35-23-31-29-19-25(21-33(42(55)60-9)51-44(57)64-46(4,5)6)11-17-37(29)62-40(31)53(35)47(48,49)52(34)39(30)61-36/h10-19,22-23,32-33H,20-21H2,1-9H3,(H,50,56)(H,51,57)/t32-,33-/m0/s1"
779,"1S/C34H25BF2N2S2/c1-20-16-21(2)33(22(3)17-20)34-29-14-12-27(25-18-40-31-10-6-4-8-23(25)31)38(29)35(36,37)39-28(13-15-30(34)39)26-19-41-32-11-7-5-9-24(26)32/h4-19H,1-3H3"
4126,"1S/C22H22BF2N3/c1-5-16-13(2)20-14(3)21-17-9-6-7-10-18(17)22(19-11-8-12-26-19)28(21)23(24,25)27(20)15(16)4/h6-12,26H,5H2,1-4H3"
916,"1S/C48H50B2F4N6O2S2/c1-3-5-7-9-11-17-31-61-35-27-23-33(24-28-35)43-41-42(46-56-48-57(49(51,52)59(43)46)37-19-13-15-21-39(37)64-48)44(34-25-29-36(30-26-34)62-32-18-12-10-8-6-4-2)60-45(41)55-47-58(50(60,53)54)38-20-14-16-22-40(38)63-47/h13-16,19-30H,3-12,17-18,31-32H2,1-2H3"
2594,"1S/C18H14BF2N3O2S/c1-25-16-9-8-13-17(12-6-4-3-5-7-12)14-10-15(27-11-22)18(26-2)24(14)19(20,21)23(13)16/h3-10H,1-2H3"
835,"1S/C28H23BF2N4/c1-20-12-14-21(15-13-20)28-24-16-18-26(32-22-8-4-2-5-9-22)34(24)29(30,31)35-25(28)17-19-27(35)33-23-10-6-3-7-11-23/h2-19,32-33H,1H3"
4122,"1S/C23H24BF2N3/c1-6-17-15(4)22(27-16(17)5)23-19-10-8-7-9-18(19)21-12-20-13(2)11-14(3)28(20)24(25,26)29(21)23/h7-12,27H,6H2,1-5H3"
1517,"1S/C25H19BF2N2/c1-16-11-13-22-25(23-14-12-17(2)30(23)26(27,28)29(16)22)24-20-9-5-3-7-18(20)15-19-8-4-6-10-21(19)24/h3-15H,1-2H3"
3148,"1S/C39H25BF2N4/c1-24-14-18-27(19-15-24)45-34-13-7-6-10-30(34)33-22-25(16-20-35(33)45)26-17-21-36-39-43-37-31-11-4-2-8-28(31)29-9-3-5-12-32(29)38(37)46(39)40(41,42)44(36)23-26/h2-23H,1H3"
1518,"1S/C30H27BF2N2/c1-20-13-15-26-29(28-24-11-7-5-9-21(24)19-22-10-6-8-12-25(22)28)27-16-14-23(17-18-30(2,3)4)35(27)31(32,33)34(20)26/h5-19H,1-4H3/b18-17+"
49,"1S/C22H25BF2N2O3/c1-12-8-14(3)26-21(12)20(22-13(2)9-15(4)27(22)23(26,24)25)19-17(29-6)10-16(28-5)11-18(19)30-7/h8-11H,1-7H3"
917,"1S/C52H54B2F4N6O2/c1-3-5-7-9-11-17-35-65-41-29-23-39(24-30-41)49-47-48(52-60-46-34-28-37-19-13-15-21-43(37)61(46)53(55,56)63(49)52)50(40-25-31-42(32-26-40)66-36-18-12-10-8-6-4-2)64-51(47)59-45-33-27-38-20-14-16-22-44(38)62(45)54(64,57)58/h13-16,19-34H,3-12,17-18,35-36H2,1-2H3"
4366,"1S/C16H17BF2N2O/c1-12-10-13(7-8-15(12)20(2)3)16-11-14-6-4-5-9-21(14)17(18,19)22-16/h4-11H,1-3H3"
849,"1S/C27H19BF2N2O4/c1-33-22-9-5-3-7-18(22)24-14-20-26(35-24)12-16-11-17-13-27-21(32(17)28(29,30)31(16)20)15-25(36-27)19-8-4-6-10-23(19)34-2/h3-15H,1-2H3"
2592,"1S/C17H12BF2N3OS/c1-24-15-9-7-13-17(12-5-3-2-4-6-12)14-8-10-16(25-11-21)23(14)18(19,20)22(13)15/h2-10H,1H3"
4138,"1S/C34H34BF2N3O/c1-5-21-41-31-17-10-27(11-18-31)9-14-30-23-25(3)34-32(28-12-15-29(16-13-28)38-19-7-6-8-20-38)33-24(2)22-26(4)39(33)35(36,37)40(30)34/h1,9-18,22-23H,6-8,19-21H2,2-4H3/b14-9+"
4368,"1S/C16H15BF2N2O/c1-20-9-7-12-10-13(5-6-15(12)20)16-11-14-4-2-3-8-21(14)17(18,19)22-16/h2-6,8,10-11H,7,9H2,1H3"
4541,"1S/C28H17BF2N2O3/c1-34-17-12-10-16(11-13-17)26-22-14-20-18-6-2-4-8-24(18)35-27(20)32(22)29(30,31)33-23(26)15-21-19-7-3-5-9-25(19)36-28(21)33/h2-15H,1H3"
2699,"1S/C29H38BF6N4O3P/c1-15(2)42-44(41,43-16(3)4)38-12-10-9-11-37-27-25(33)23(31)21(24(32)26(27)34)22-28-17(5)13-19(7)39(28)30(35,36)40-20(8)14-18(6)29(22)40/h13-16,37H,9-12H2,1-8H3,(H,38,41)"
46,"1S/C19H19BF2N2/c1-12-10-14(3)23-18(12)17(16-8-6-5-7-9-16)19-13(2)11-15(4)24(19)20(23,21)22/h5-11H,1-4H3"
2599,"1S/C31H21BCl2F2N6S2/c33-22-12-7-13-23(34)28(22)29-24-14-26(43-18-37)30(39-16-20-8-3-1-4-9-20)41(24)32(35,36)42-25(29)15-27(44-19-38)31(42)40-17-21-10-5-2-6-11-21/h1-15,39-40H,16-17H2"
2818,"1S/C18H17BF2N2O/c1-12-4-10-16-18(14-6-8-15(24-3)9-7-14)17-11-5-13(2)23(17)19(20,21)22(12)16/h4-11H,1-3H3"
4116,"1S/C22H22BF2N3/c1-12-10-14(3)26-19(12)22-18-9-7-6-8-17(18)21-16(5)20-13(2)11-15(4)27(20)23(24,25)28(21)22/h6-11,26H,1-5H3"
4135,"1S/C29H25BF2N2O/c1-5-17-35-26-15-12-23(13-16-26)11-14-25-19-21(3)29-27(24-9-7-6-8-10-24)28-20(2)18-22(4)33(28)30(31,32)34(25)29/h1,6-16,18-19H,17H2,2-4H3/b14-11+"
3278,"1S/C23H26BF2N3O/c1-15-13-17(3)28-22(15)21(23-16(2)14-18(4)29(23)24(28,25)26)19-5-7-20(8-6-19)27-9-11-30-12-10-27/h5-8,13-14H,9-12H2,1-4H3"
3276,"1S/C21H24BF2N3/c1-13-11-15(3)26-20(13)19(17-7-9-18(10-8-17)25(5)6)21-14(2)12-16(4)27(21)22(26,23)24/h7-12H,1-6H3"
1847,"1S/C18H14BF2NO/c1-13-5-4-7-15(11-13)18-12-17-16-8-3-2-6-14(16)9-10-22(17)19(20,21)23-18/h2-12H,1H3"
2319,"1S/C33H33BF2N2O6/c1-5-37(6-2)26-13-9-22-17-24(32(39)41-30(22)19-26)11-15-28-21-29(44-34(35,36)43-28)16-12-25-18-23-10-14-27(38(7-3)8-4)20-31(23)42-33(25)40/h9-21H,5-8H2,1-4H3/b15-11+,16-12+"
846,1S/C25H15BF2N2O2/c27-26(28)29-18(12-24-20(29)14-22(31-24)16-7-3-1-4-8-16)11-19-13-25-21(30(19)26)15-23(32-25)17-9-5-2-6-10-17/h1-15H
1148,"1S/C18H14BF2NO/c1-13-6-8-15(9-7-13)18-12-16-11-10-14-4-2-3-5-17(14)22(16)19(20,21)23-18/h2-12H,1H3"
920,"1S/C32H24B2F4N4/c1-17-25-13-26-18(2)28-15-30-24-12-8-6-10-22(24)20(4)40(30)34(37,38)42(28)32(26)16-31(25)41-27(17)14-29-23-11-7-5-9-21(23)19(3)39(29)33(41,35)36/h5-16H,1-4H3"
4078,"1S/C14H13BClF2N3O/c1-20(2)11-5-3-10(4-6-11)13-7-12-8-14(16)19-9-21(12)15(17,18)22-13/h3-9H,1-2H3"
3336,"1S/C44H33BF2N4O/c1-26-4-10-29(11-5-26)42-34-18-16-32(48-34)36-20-22-38-44(31-14-8-28(3)9-15-31)39-23-21-37(51(39)45(46,47)50(36)38)33-17-19-35(49-33)43(41-25-24-40(42)52-41)30-12-6-27(2)7-13-30/h4-25,48-49H,1-3H3"
1523,"1S/C24H16BClF2N2/c1-17-7-10-19(11-8-17)24-21-14-13-20(12-9-18-5-3-2-4-6-18)29(21)25(27,28)30-22(24)15-16-23(30)26/h2-8,10-11,13-16H,1H3"
3416,1S/C8H6BF2N3/c10-9(11)13-5-2-1-3-7(13)8-12-4-6-14(8)9/h1-6H
2589,"1S/C18H17BF2N2S/c1-2-13-24-17-11-10-16-18(14-7-4-3-5-8-14)15-9-6-12-22(15)19(20,21)23(16)17/h3-12H,2,13H2,1H3"
776,"1S/C38H29BF2N2/c1-24-20-25(2)37(26(3)21-24)38-35-18-16-33(31-14-12-27-8-4-6-10-29(27)22-31)42(35)39(40,41)43-34(17-19-36(38)43)32-15-13-28-9-5-7-11-30(28)23-32/h4-23H,1-3H3"
4926,"1S/C40H30BF2N3O4S2/c1-47-27-13-5-23(6-14-27)33-21-31-37(51-33)35(25-9-17-29(49-3)18-10-25)39-44-40-36(26-11-19-30(50-4)20-12-26)38-32(46(40)41(42,43)45(31)39)22-34(52-38)24-7-15-28(48-2)16-8-24/h5-22H,1-4H3"
896,"1S/C36H28BF2N3O2/c1-43-27-16-13-24(14-17-27)32-22-31(23-9-5-3-6-10-23)35-40-36-33(25-11-7-4-8-12-25)30-19-15-26-21-28(44-2)18-20-29(26)34(30)42(36)37(38,39)41(32)35/h3-14,16-18,20-22H,15,19H2,1-2H3"
4369,"1S/C17H17BF2N2O/c19-18(20)22-12-2-1-5-16(22)13-17(23-18)14-6-8-15(9-7-14)21-10-3-4-11-21/h1-2,5-9,12-13H,3-4,10-11H2"
1002,"1S/C15H10BF2N3/c17-16(18)20-9-3-8-13(20)15-19-11-6-1-4-10-5-2-7-12(14(10)11)21(15)16/h1-9,19H"
4146,"1S/C31H32BF2N3O3/c1-20-17-22(3)36-30(20)29(24-10-13-25(14-11-24)35(4)5)31-21(2)18-26(37(31)32(36,33)34)12-7-23-8-15-27(16-9-23)40-19-28(38)39-6/h7-18H,19H2,1-6H3/b12-7+"
4144,"1S/C33H37BF2N6O/c1-6-40(7-2)28-15-12-27(13-16-28)31-32-23(3)21-25(5)41(32)34(35,36)42-29(22-24(4)33(31)42)14-9-26-10-17-30(18-11-26)43-20-8-19-38-39-37/h9-18,21-22H,6-8,19-20H2,1-5H3/b14-9+"
2826,"1S/C22H16BF2NO2/c1-27-16-12-10-15(11-13-16)22-14-21-19-8-3-2-6-17(19)18-7-4-5-9-20(18)26(21)23(24,25)28-22/h2-14H,1H3"
4141,"1S/C31H33BF2N6O/c1-21-19-23(3)39-30(21)29(25-10-13-26(14-11-25)38(4)5)31-22(2)20-27(40(31)32(39,33)34)12-7-24-8-15-28(16-9-24)41-18-6-17-36-37-35/h7-16,19-20H,6,17-18H2,1-5H3/b12-7+"
4131,"1S/C30H26BF2N3O3/c1-3-38-27(37)19-39-22-13-10-21(11-14-22)12-15-25-28-20(2)16-18-35(28)31(32,33)36-29(25)23-7-4-5-8-24(23)30(36)26-9-6-17-34-26/h4-18,34H,3,19H2,1-2H3/b15-12+"
831,"1S/C18H25BF2N2/c1-8-15-10(3)17-12(5)18-11(4)16(9-2)14(7)23(18)19(20,21)22(17)13(15)6/h8-9H2,1-7H3"
4338,"1S/C52H42BF6OPS2/c1-31-25-33(3)47(34(4)26-31)53(48-35(5)27-32(2)28-36(48)6)43-29-45(37-17-21-39(22-18-37)51(54,55)56)62-49(43)50-44(30-46(63-50)38-19-23-40(24-20-38)52(57,58)59)61(60,41-13-9-7-10-14-41)42-15-11-8-12-16-42/h7-30H,1-6H3"
4137,"1S/C32H32BF2N3O/c1-7-19-39-29-17-10-25(11-18-29)9-14-28-21-23(4)32-30(26-12-15-27(16-13-26)36(6)8-2)31-22(3)20-24(5)37(31)33(34,35)38(28)32/h1,9-18,20-21H,8,19H2,2-6H3/b14-9+"
4128,"1S/C37H40BF2N3O3/c1-8-28-22(4)34(41-25(28)7)37-31-14-12-11-13-30(31)36-24(6)35-23(5)29(9-2)32(42(35)38(39,40)43(36)37)20-17-26-15-18-27(19-16-26)46-21-33(44)45-10-3/h11-20,41H,8-10,21H2,1-7H3/b20-17+"
3093,"1S/C16H16BF2NO2/c1-11-8-16(22-17(18,19)21-11)14-5-4-13-10-15(20(2)3)7-6-12(13)9-14/h4-10H,1-3H3"
1151,"1S/C17H11BF3NO/c19-14-6-3-5-13(10-14)17-11-15-9-8-12-4-1-2-7-16(12)22(15)18(20,21)23-17/h1-11H"
4127,"1S/C32H30BF2N3O3/c1-5-40-30(39)19-41-25-14-11-23(12-15-25)10-13-24-17-20(2)28-18-29-26-8-6-7-9-27(26)32(31-21(3)16-22(4)36-31)38(29)33(34,35)37(24)28/h6-18,36H,5,19H2,1-4H3/b13-10+"
1527,"1S/C28H21BF2N2/c1-20-12-14-23(15-13-20)28-26-18-16-24(21-8-4-2-5-9-21)32(26)29(30,31)33-25(17-19-27(28)33)22-10-6-3-7-11-22/h2-19H,1H3"
3277,"1S/C24H28BF2N3/c1-16-14-18(3)29-23(16)22(24-17(2)15-19(4)30(24)25(29,26)27)20-8-10-21(11-9-20)28-12-6-5-7-13-28/h8-11,14-15H,5-7,12-13H2,1-4H3"
999,"1S/C13H15BF2N2/c1-8-5-10(3)17-12(8)7-13-9(2)6-11(4)18(13)14(17,15)16/h5-7H,1-4H3"
2761,"1S/C28H32BF2N3S/c1-9-21-17(5)27-25(24-15(3)14-16(4)32-26(24)23-12-11-13-35-23)28-18(6)22(10-2)20(8)34(28)29(30,31)33(27)19(21)7/h11-14H,9-10H2,1-8H3"
780,1S/C29H17BF2N4S2/c31-30(32)35-21(14-16-23(35)28-33-19-10-4-6-12-25(19)37-28)27(18-8-2-1-3-9-18)22-15-17-24(36(22)30)29-34-20-11-5-7-13-26(20)38-29/h1-17H
119,"1S/C24H16BClF2N4/c26-21-13-11-19-23(16-6-2-1-3-7-16)20-12-14-22(32(20)25(27,28)31(19)21)30-18-10-4-8-17-9-5-15-29-24(17)18/h1-15,30H"
778,"1S/C56H45BF2N2/c1-6-10-41-30-47-54(49-33(4)28-32(3)29-34(49)5)48-31-42(11-7-2)56(46-27-23-40-19-17-36-13-9-15-38-21-25-44(46)53(40)51(36)38)61(48)57(58,59)60(47)55(41)45-26-22-39-18-16-35-12-8-14-37-20-24-43(45)52(39)50(35)37/h8-9,12-31H,6-7,10-11H2,1-5H3"
2568,"1S/C25H17BF2N2/c1-14-10-11-21-24-23-18-8-4-3-6-16(18)13-17-7-5-9-19(22(17)23)20-12-15(2)30(25(20)24)26(27,28)29(14)21/h3-13H,1-2H3"
915,"1S/C44H50B2F4N6O2/c1-3-5-7-9-11-17-31-57-35-25-21-33(22-26-35)41-39-40(44-52-38-20-13-15-29-53(38)45(47,48)55(41)44)42(56-43(39)51-37-19-14-16-30-54(37)46(56,49)50)34-23-27-36(28-24-34)58-32-18-12-10-8-6-4-2/h13-16,19-30H,3-12,17-18,31-32H2,1-2H3"
897,"1S/C38H30BF2N3O2/c1-45-27-15-19-29-25(21-27)13-17-31-33(23-9-5-3-6-10-23)37-42-38-34(24-11-7-4-8-12-24)32-18-14-26-22-28(46-2)16-20-30(26)36(32)44(38)39(40,41)43(37)35(29)31/h3-12,15-16,19-22H,13-14,17-18H2,1-2H3"
921,"1S/C32H24B2F4N4/c1-17-25-13-26-20(4)41-32(16-31-24-12-8-6-9-21(24)18(2)39(31)33(41,35)36)27(26)14-29(25)42-28(17)15-30-23-11-7-5-10-22(23)19(3)40(30)34(42,37)38/h5-16H,1-4H3"
4633,"1S/C10H10BF2N3/c1-14-10-8-4-2-6-15(8)11(12,13)16-7-3-5-9(10)16/h2-7,14H,1H3"
1237,"1S/C41H47B2ClF4N4O/c1-13-31-20(5)37-35(38-21(6)32(14-2)25(10)50(38)42(45,46)49(37)24(31)9)28-17-29(19-30(18-28)41(44)53)36-39-22(7)33(15-3)26(11)51(39)43(47,48)52-27(12)34(16-4)23(8)40(36)52/h17-19H,13-16H2,1-12H3"
4051,"1S/C54H56B2F4N4O6/c1-5-9-29-65-43-21-13-37(14-22-43)49-51-47(69-53(49)39-17-25-45(26-18-39)67-31-11-7-3)33-41-35-62-56(59,60)64-42(36-61(62)55(57,58)63(41)51)34-48-52(64)50(38-15-23-44(24-16-38)66-30-10-6-2)54(70-48)40-19-27-46(28-20-40)68-32-12-8-4/h13-28,33-36H,5-12,29-32H2,1-4H3"
3149,"1S/C54H53BF2N4/c1-10-42-32(3)50-48(51-33(4)43(11-2)35(6)61(51)55(56,57)60(50)34(42)5)38-24-20-36(21-25-38)37-22-26-39(27-23-37)53-58-49-46-18-14-12-16-44(46)45-17-13-15-19-47(45)52(49)59(53)41-30-28-40(29-31-41)54(7,8)9/h12-31,48,50H,10-11H2,1-9H3/t48-,50-/m0/s1"
3338,"1S/C41H29BF2N4OS/c1-24-5-9-26(10-6-24)39-30-15-13-28(45-30)32-17-19-34-41(38-4-3-23-50-38)35-20-18-33(48(35)42(43,44)47(32)34)29-14-16-31(46-29)40(37-22-21-36(39)49-37)27-11-7-25(2)8-12-27/h3-23,45-46H,1-2H3"
4147,"1S/C32H34BF2N3O3/c1-7-36(5)26-14-11-25(12-15-26)30-31-21(2)18-23(4)37(31)33(34,35)38-27(19-22(3)32(30)38)13-8-24-9-16-28(17-10-24)41-20-29(39)40-6/h8-19H,7,20H2,1-6H3/b13-8+"
908,"1S/C26H28B2F4N4/c1-13-9-17(5)33-23(13)21(24-14(2)10-18(6)34(24)27(33,29)30)22-25-15(3)11-19(7)35(25)28(31,32)36-20(8)12-16(4)26(22)36/h9-12H,1-8H3"
2595,"1S/C19H13BF2N4O2S2/c1-27-18-15(29-10-23)8-13-17(12-6-4-3-5-7-12)14-9-16(30-11-24)19(28-2)26(14)20(21,22)25(13)18/h3-9H,1-2H3"
1150,1S/C17H12BF2NO/c19-18(20)21-15(11-10-13-6-4-5-9-16(13)21)12-17(22-18)14-7-2-1-3-8-14/h1-12H
2552,"1S/C23H23BF2O6/c1-27-20-11-7-16(13-22(20)29-3)5-9-18-15-19(32-24(25,26)31-18)10-6-17-8-12-21(28-2)23(14-17)30-4/h5-15H,1-4H3/b9-5+,19-10-"
2828,"1S/C22H16BF2NO/c1-15-7-6-8-16(13-15)22-14-21-19-11-3-2-9-17(19)18-10-4-5-12-20(18)26(21)23(24,25)27-22/h2-14H,1H3"
2528,"1S/C13H15BF2N2/c1-4-12-9(2)13-8-11-6-5-7-17(11)14(15,16)18(13)10(12)3/h5-8H,4H2,1-3H3"
2819,"1S/C17H15BF2N2/c1-12-8-10-15-17(14-6-4-3-5-7-14)16-11-9-13(2)22(16)18(19,20)21(12)15/h3-11H,1-2H3"
4118,"1S/C19H16BF2N3/c1-12-10-13(2)24-17(12)11-18-14-6-3-4-7-15(14)19(16-8-5-9-23-16)25(18)20(24,21)22/h3-11,23H,1-2H3"
861,"1S/C32H21BF2N2/c1-16-31-29-23-14-6-10-19-8-4-12-21(27(19)23)25(29)17(2)36(31)33(34,35)37-18(3)26-22-13-5-9-20-11-7-15-24(28(20)22)30(26)32(16)37/h4-15H,1-3H3"
1849,"1S/C18H11BF5NO/c20-18(21,22)14-7-5-13(6-8-14)17-11-16-15-4-2-1-3-12(15)9-10-25(16)19(23,24)26-17/h1-11H"
2698,"1S/C27H34BF6N4O3P/c1-13(2)40-42(39,41-14(3)4)36-10-9-35-25-23(31)21(29)19(22(30)24(25)32)20-26-15(5)11-17(7)37(26)28(33,34)38-18(8)12-16(6)27(20)38/h11-14,35H,9-10H2,1-8H3,(H,36,39)"
899,"1S/C37H28BF2N3O/c1-44-27-18-21-29-26(22-27)17-20-31-33(25-13-6-3-7-14-25)37-41-36-32(24-11-4-2-5-12-24)30-19-16-23-10-8-9-15-28(23)34(30)42(36)38(39,40)43(37)35(29)31/h2-15,18,21-22H,16-17,19-20H2,1H3"
2759,1S/C20H12BF2N3/c22-21(23)25-12-6-5-11-17(25)20-24-18-15-9-3-1-7-13(15)14-8-2-4-10-16(14)19(18)26(20)21/h1-12H
2569,"1S/C16H11BCl2F2N2/c1-10-2-4-11(5-3-10)16-12-6-8-14(18)22(12)17(20,21)23-13(16)7-9-15(23)19/h2-9H,1H3"
4540,1S/C28H15BF2N2O3/c30-29(31)32-22(13-20-18-5-1-3-7-24(18)35-27(20)32)26(17-11-9-16(15-34)10-12-17)23-14-21-19-6-2-4-8-25(19)36-28(21)33(23)29/h1-15H
4076,"1S/C12H8BClF2N2O/c14-12-7-10-6-11(9-4-2-1-3-5-9)19-13(15,16)18(10)8-17-12/h1-8H"
47,"1S/C20H21BF2N2O/c1-12-10-14(3)24-19(12)18(16-8-6-7-9-17(16)26-5)20-13(2)11-15(4)25(20)21(24,22)23/h6-11H,1-5H3"
1379,"1S/C19H17BF2N2O/c1-23(2)16-9-7-15(8-10-16)19-13-18-17-6-4-3-5-14(17)11-12-24(18)20(21,22)25-19/h3-13H,1-2H3"
898,"1S/C36H26BF2N3O2S2/c1-43-23-13-15-25-29(17-23)45-19-27-31(21-9-5-3-6-10-21)35-40-36-32(22-11-7-4-8-12-22)28-20-46-30-18-24(44-2)14-16-26(30)34(28)42(36)37(38,39)41(35)33(25)27/h3-18H,19-20H2,1-2H3"
3511,1S/C15H10BF2N3OS/c17-16(18)21-15(19-13(22-16)11-7-3-1-4-8-11)23-14(20-21)12-9-5-2-6-10-12/h1-10H
1149,"1S/C18H14BF2NO/c1-13-5-4-7-15(11-13)18-12-16-10-9-14-6-2-3-8-17(14)22(16)19(20,21)23-18/h2-12H,1H3"
994,"1S/C10H9BF2N2/c1-8-4-5-10-7-9-3-2-6-14(9)11(12,13)15(8)10/h2-7H,1H3"
937,"1S/C26H29BF2N2O4/c1-5-30(6-2)19-12-9-18(10-13-19)11-16-22-24-25(35-27(28,29)34-22)21-15-14-20(31(7-3)8-4)17-23(21)33-26(24)32/h9-17H,5-8H2,1-4H3/b16-11+"
1898,"1S/C22H33BF2N2/c1-12-17(21(6,7)8)15(4)26-19(12)14(3)20-13(2)18(22(9,10)11)16(5)27(20)23(26,24)25/h1-11H3"
3091,"1S/C21H18BF2NO2/c1-25(2)19-11-10-16-12-18(9-8-17(16)13-19)21-14-20(26-22(23,24)27-21)15-6-4-3-5-7-15/h3-14H,1-2H3"
4112,"1S/C21H20BF2N3/c1-12-10-15(4)26-18(12)11-19-16-7-5-6-8-17(16)21(27(19)22(26,23)24)20-13(2)9-14(3)25-20/h5-11,25H,1-4H3"
2700,"1S/C31H42BF6N4O3P/c1-17(2)44-46(43,45-18(3)4)40-14-12-10-9-11-13-39-29-27(35)25(33)23(26(34)28(29)36)24-30-19(5)15-21(7)41(30)32(37,38)42-22(8)16-20(6)31(24)42/h15-18,39H,9-14H2,1-8H3,(H,40,43)"
4928,"1S/C54H42BF2N3O6S2/c1-61-37-19-7-31(8-20-37)43-47-51(67-49(43)35-15-27-41(65-5)28-16-35)45(33-11-23-39(63-3)24-12-33)53-58-54-46(34-13-25-40(64-4)26-14-34)52-48(60(54)55(56,57)59(47)53)44(32-9-21-38(62-2)22-10-32)50(68-52)36-17-29-42(66-6)30-18-36/h7-30H,1-6H3"
4634,"1S/C13H16BF2N3/c1-13(2,3)17-12-10-6-4-8-18(10)14(15,16)19-9-5-7-11(12)19/h4-9,17H,1-3H3"
844,"1S/C28H17BF2N2O2/c1-16-10-12-17(13-11-16)26-22-14-20-18-6-2-4-8-24(18)34-27(20)32(22)29(30,31)33-23(26)15-21-19-7-3-5-9-25(19)35-28(21)33/h2-15H,1H3"
4142,"1S/C32H35BF2N6O/c1-6-39(5)27-14-11-26(12-15-27)30-31-22(2)20-24(4)40(31)33(34,35)41-28(21-23(3)32(30)41)13-8-25-9-16-29(17-10-25)42-19-7-18-37-38-36/h8-17,20-21H,6-7,18-19H2,1-5H3/b13-8+"
909,"1S/C27H30B2F4N4/c1-13-10-16(4)34-24(13)20(8)27-19(7)22(21(9)37(27)29(34,32)33)23-25-14(2)11-17(5)35(25)28(30,31)36-18(6)12-15(3)26(23)36/h10-12H,1-9H3"
4367,"1S/C18H19BF2N2O/c20-19(21)23-13-5-2-6-17(23)14-18(24-19)15-7-9-16(10-8-15)22-11-3-1-4-12-22/h2,5-10,13-14H,1,3-4,11-12H2"
809,"1S/C35H31BF2N2/c1-24-31(22-20-28-14-8-5-9-15-28)26(3)39-34(24)33(30-18-12-7-13-19-30)35-25(2)32(27(4)40(35)36(39,37)38)23-21-29-16-10-6-11-17-29/h5-23H,1-4H3/b22-20+,23-21+"
4134,"1S/C23H28BF2N3/c1-7-27(8-2)20-11-9-19(10-12-20)21-22-15(3)13-17(5)28(22)24(25,26)29-18(6)14-16(4)23(21)29/h9-14H,7-8H2,1-6H3"
4543,"1S/C28H15BF4N2O2/c1-14-4-2-3-5-17(14)26-22-12-20-18-10-15(30)6-8-24(18)36-27(20)34(22)29(32,33)35-23(26)13-21-19-11-16(31)7-9-25(19)37-28(21)35/h2-13H,1H3"
3321,1S/C14H10BF2N3/c16-15(17)19-9-5-4-8-12(19)14-18-10-13(20(14)15)11-6-2-1-3-7-11/h1-10H
4121,"1S/C20H18BF2N3/c1-12-10-14(3)25-18(12)11-19-15-6-4-5-7-16(15)20(26(19)21(25,22)23)17-9-8-13(2)24-17/h4-11,24H,1-3H3"
1152,"1S/C18H11BF5NO/c20-18(21,22)14-8-5-13(6-9-14)17-11-15-10-7-12-3-1-2-4-16(12)25(15)19(23,24)26-17/h1-11H"
2024,"1S/C29H34BF2N3O3/c1-19-15-20(2)27(21(3)16-19)28-23-8-9-25(33-11-13-37-14-12-33)35(23)30(31,32)34-18-22(17-24(28)34)7-10-26(36)38-29(4,5)6/h7-10,15-18H,11-14H2,1-6H3/b10-7+"
995,"1S/C10H9BF2N2/c1-8-9-4-2-6-14(9)11(12,13)15-7-3-5-10(8)15/h2-7H,1H3"
2551,"1S/C21H19BF2O6/c1-27-20-11-14(5-9-18(20)25)3-7-16-13-17(30-22(23,24)29-16)8-4-15-6-10-19(26)21(12-15)28-2/h3-13,25-26H,1-2H3/b7-3+,8-4+"
4125,"1S/C21H20BF2N3/c1-4-15-13(2)19-12-20-16-8-5-6-9-17(16)21(18-10-7-11-25-18)27(20)22(23,24)26(19)14(15)3/h5-12,25H,4H2,1-3H3"
814,"1S/C33H27BF2N2O6/c1-3-41-32(39)29-20-16-25(43-29)14-10-23-12-18-27-31(22-8-6-5-7-9-22)28-19-13-24(38(28)34(35,36)37(23)27)11-15-26-17-21-30(44-26)33(40)42-4-2/h5-21H,3-4H2,1-2H3/b14-10+,15-11+"
4371,"1S/C19H19BF2N2O/c21-20(22)24-10-2-1-7-17(24)13-18(25-20)16-11-14-5-3-8-23-9-4-6-15(12-16)19(14)23/h1-2,7,10-13H,3-6,8-9H2"
3339,"1S/C41H29BF2N4O2/c1-24-5-9-26(10-6-24)39-30-15-13-28(45-30)32-17-19-34-41(36-4-3-23-49-36)35-20-18-33(48(35)42(43,44)47(32)34)29-14-16-31(46-29)40(38-22-21-37(39)50-38)27-11-7-25(2)8-12-27/h3-23,45-46H,1-2H3"
2758,1S/C20H14BF2N3/c22-21(23)25-14-8-7-13-17(25)20-24-18(15-9-3-1-4-10-15)19(26(20)21)16-11-5-2-6-12-16/h1-14H
4544,"1S/C40H41BF2N2O4/c1-4-6-8-12-20-46-27-16-18-36-30(22-27)32-24-34-38(29-15-11-10-14-26(29)3)35-25-33-31-23-28(47-21-13-9-7-5-2)17-19-37(31)49-40(33)45(35)41(42,43)44(34)39(32)48-36/h10-11,14-19,22-25H,4-9,12-13,20-21H2,1-3H3"
1563,"1S/C29H30BF2N3O/c1-19-17-21(3)34-28(19)27(23-10-15-26(36-6)16-11-23)29-20(2)18-25(35(29)30(34,31)32)14-9-22-7-12-24(13-8-22)33(4)5/h7-18H,1-6H3/b14-9+"
4111,"1S/C19H16BF2N3/c1-12-7-10-17(23-12)19-16-6-4-3-5-15(16)18-11-14-9-8-13(2)24(14)20(21,22)25(18)19/h3-11,23H,1-2H3"
2829,1S/C21H14BF2NO/c23-22(24)25-19-13-7-6-11-17(19)16-10-4-5-12-18(16)20(25)14-21(26-22)15-8-2-1-3-9-15/h1-14H
48,"1S/C21H23BF2N2O2/c1-12-10-14(3)25-20(12)19(18-16(27-5)8-7-9-17(18)28-6)21-13(2)11-15(4)26(21)22(25,23)24/h7-11H,1-6H3"
2570,"1S/C23H22BClF2N2O4/c1-4-32-22(30)21(23(31)33-5-2)18-11-10-16-20(15-8-6-14(3)7-9-15)17-12-13-19(25)29(17)24(26,27)28(16)18/h6-13,21H,4-5H2,1-3H3"
2820,"1S/C19H17BF2N2O2/c1-12-4-10-16-18(14-6-8-15(9-7-14)19(25)26-3)17-11-5-13(2)24(17)20(21,22)23(12)16/h4-11H,1-3H3"
3092,"1S/C22H17BF2N2O2/c1-27(2)20-10-9-17-11-19(8-7-18(17)12-20)22-13-21(28-23(24,25)29-22)16-5-3-15(14-26)4-6-16/h3-13H,1-2H3"
4143,"1S/C34H37BF2N6O/c1-24-22-26(3)42-33(24)32(28-11-14-29(15-12-28)41-19-5-4-6-20-41)34-25(2)23-30(43(34)35(42,36)37)13-8-27-9-16-31(17-10-27)44-21-7-18-39-40-38/h8-17,22-23H,4-7,18-21H2,1-3H3/b13-8+"
2789,"1S/C21H15BF2N2O/c23-22(24)25-13-5-10-19(25)21(15-6-2-1-3-7-15)20-12-11-18(26(20)22)16-8-4-9-17(27)14-16/h1-14,27H"
4115,"1S/C18H14BF2N3/c1-12-16-9-5-11-23(16)19(20,21)24-17(12)13-6-2-3-7-14(13)18(24)15-8-4-10-22-15/h2-11,22H,1H3"
4136,"1S/C31H30BF2N3O/c1-7-18-38-28-16-9-24(10-17-28)8-13-27-20-22(3)31-29(25-11-14-26(15-12-25)35(5)6)30-21(2)19-23(4)36(30)32(33,34)37(27)31/h1,8-17,19-20H,18H2,2-6H3/b13-8+"
4052,"1S/C54H56B2F4N4O6/c1-5-9-29-65-41-21-13-37(14-22-41)49-33-45-53(69-49)51(39-17-25-43(26-18-39)67-31-11-7-3)47-35-62-56(59,60)64-46-34-50(38-15-23-42(24-16-38)66-30-10-6-2)70-54(46)52(48(64)36-61(62)55(57,58)63(45)47)40-19-27-44(28-20-40)68-32-12-8-4/h13-28,33-36H,5-12,29-32H2,1-4H3"
1378,"1S/C15H15BF2N2O/c1-19(2)13-8-6-12(7-9-13)15-11-14-5-3-4-10-20(14)16(17,18)21-15/h3-11H,1-2H3"
1238,"1S/C57H69B3F6N6/c1-19-43-28(7)52-49(53-29(8)44(20-2)35(14)68(53)58(61,62)67(52)34(43)13)40-25-41(50-54-30(9)45(21-3)36(15)69(54)59(63,64)70-37(16)46(22-4)31(10)55(50)70)27-42(26-40)51-56-32(11)47(23-5)38(17)71(56)60(65,66)72-39(18)48(24-6)33(12)57(51)72/h25-27H,19-24H2,1-18H3"
796,"1S/C32H21BF2N2/c1-24-12-16-27(17-13-24)32-30-22-20-28(18-14-25-8-4-2-5-9-25)36(30)33(34,35)37-29(21-23-31(32)37)19-15-26-10-6-3-7-11-26/h2-13,16-17,20-23H,1H3"
993,1S/C9H7BF2N2/c11-10(12)13-5-1-3-8(13)7-9-4-2-6-14(9)10/h1-7H
